id,time,gesture_id,gesture_name,s1,s2,s3,s4,s5,s6,s7,s8
0,1733756276.682875,0,thumbs-up,597,412,533,182,221,187,236,509
1,1733756276.705904,0,thumbs-up,530,378,455,132,127,125,184,405
2,1733756276.728393,0,thumbs-up,469,413,456,129,80,113,167,344
3,1733756276.743436,0,thumbs-up,428,460,449,108,62,104,161,335
4,1733756276.765455,0,thumbs-up,321,467,442,105,51,103,186,379
5,1733756276.788475,0,thumbs-up,304,495,369,88,51,96,192,391
6,1733756276.802897,0,thumbs-up,325,448,388,80,49,91,188,385
7,1733756276.825364,0,thumbs-up,331,444,353,62,43,87,190,380
8,1733756276.84839,0,thumbs-up,353,398,352,63,41,89,184,370
9,1733756276.862973,0,thumbs-up,345,379,343,57,39,64,155,307
10,1733756276.885913,0,thumbs-up,331,351,333,60,32,65,133,219
11,1733756276.908058,0,thumbs-up,272,354,272,57,26,65,130,198
12,1733756276.923109,0,thumbs-up,247,288,278,49,25,68,127,189
13,1733756276.945369,0,thumbs-up,212,259,261,48,25,64,118,140
14,1733756276.967995,0,thumbs-up,242,251,215,48,26,53,109,135
15,1733756276.983525,0,thumbs-up,222,228,212,47,27,41,86,143
16,1733756277.005546,0,thumbs-up,226,231,187,47,27,34,74,130
17,1733756277.028466,0,thumbs-up,234,270,157,50,26,29,50,137
18,1733756277.043485,0,thumbs-up,241,280,156,49,28,30,53,133
19,1733756277.065505,0,thumbs-up,233,295,155,47,28,28,55,134
20,1733756277.088038,0,thumbs-up,242,326,127,42,28,30,52,116
21,1733756277.103059,0,thumbs-up,242,347,141,41,27,31,46,111
22,1733756277.12608,0,thumbs-up,262,348,146,39,27,29,45,112
23,1733756277.147874,0,thumbs-up,262,350,159,37,25,28,43,116
24,1733756277.163352,0,thumbs-up,235,364,172,38,24,29,39,119
25,1733756277.18593,0,thumbs-up,228,345,176,40,24,27,39,116
26,1733756277.207912,0,thumbs-up,263,357,167,39,26,26,41,106
27,1733756277.223488,0,thumbs-up,249,368,175,37,26,28,42,88
28,1733756277.245509,0,thumbs-up,248,399,146,34,26,29,35,81
29,1733756277.268386,0,thumbs-up,252,368,131,32,25,28,36,92
30,1733756277.282943,0,thumbs-up,273,401,133,32,27,28,35,135
31,1733756277.30591,0,thumbs-up,229,357,126,36,26,29,31,134
32,1733756277.327792,0,thumbs-up,221,318,106,33,24,26,28,136
33,1733756277.34286,0,thumbs-up,227,281,99,36,24,24,27,135
34,1733756277.365381,0,thumbs-up,232,271,118,36,27,25,24,146
35,1733756277.388121,0,thumbs-up,210,270,122,35,25,23,23,109
36,1733756277.410833,0,thumbs-up,202,289,127,35,25,27,21,105
37,1733756277.426042,0,thumbs-up,204,287,126,37,28,30,23,104
38,1733756277.448091,0,thumbs-up,195,299,126,36,29,31,26,107
39,1733756277.47086,0,thumbs-up,195,324,126,40,28,32,26,79
40,1733756277.485333,0,thumbs-up,194,285,136,45,30,32,28,98
41,1733756277.508493,0,thumbs-up,201,305,148,43,30,28,30,107
42,1733756277.530943,0,thumbs-up,184,289,160,42,29,27,32,108
43,1733756277.545967,0,thumbs-up,173,291,180,40,28,27,30,107
44,1733756277.568375,0,thumbs-up,156,287,167,42,27,28,30,108
45,1733756277.590706,0,thumbs-up,166,327,162,37,27,28,30,111
46,1733756277.612839,0,thumbs-up,155,312,188,38,25,27,30,127
47,1733756277.627915,0,thumbs-up,180,327,214,40,26,27,31,130
48,1733756277.650906,0,thumbs-up,171,312,233,43,28,29,32,144
49,1733756277.673329,0,thumbs-up,181,381,247,44,29,28,33,178
50,1733756277.687847,0,thumbs-up,183,363,248,46,26,28,31,176
51,1733756277.710758,0,thumbs-up,183,345,277,47,26,30,31,165
52,1733756277.732984,0,thumbs-up,169,344,279,51,26,29,31,174
53,1733756277.748028,0,thumbs-up,162,335,261,50,26,26,31,167
54,1733756277.771092,0,thumbs-up,164,264,278,44,25,26,30,129
55,1733756277.793112,0,thumbs-up,177,276,279,43,28,25,29,142
56,1733756277.80862,0,thumbs-up,183,278,233,43,28,25,27,143
57,1733756277.830204,0,thumbs-up,182,263,206,44,26,27,26,152
58,1733756277.853232,0,thumbs-up,203,289,207,43,27,28,25,152
59,1733756277.875788,0,thumbs-up,203,266,173,44,28,28,27,152
60,1733756277.890877,0,thumbs-up,200,231,189,49,26,29,26,135
61,1733756277.913433,0,thumbs-up,195,265,182,46,28,29,26,129
62,1733756277.935452,0,thumbs-up,203,265,173,43,28,27,28,109
63,1733756277.951,0,thumbs-up,187,259,169,45,27,28,30,130
64,1733756277.973558,0,thumbs-up,200,283,182,45,26,28,27,130
65,1733756277.99611,0,thumbs-up,172,275,157,42,28,28,29,142
66,1733756278.010762,0,thumbs-up,191,307,151,41,27,26,29,142
67,1733756278.032842,0,thumbs-up,189,318,198,45,27,27,25,152
68,1733756278.055401,0,thumbs-up,190,302,189,46,29,24,25,145
69,1733756278.070952,0,thumbs-up,202,342,194,44,29,23,27,162
70,1733756278.093043,0,thumbs-up,215,340,211,47,27,26,28,148
71,1733756278.115607,0,thumbs-up,201,284,213,48,29,29,30,150
72,1733756278.130699,0,thumbs-up,189,311,201,41,29,27,30,140
73,1733756278.152843,0,thumbs-up,196,327,206,40,28,30,30,122
74,1733756278.176198,0,thumbs-up,197,260,184,39,29,32,28,96
75,1733756278.190931,0,thumbs-up,183,282,183,34,27,31,25,93
76,1733756278.213615,0,thumbs-up,188,282,183,31,26,30,29,106
77,1733756278.236226,0,thumbs-up,203,307,170,32,27,31,29,110
78,1733756278.250624,0,thumbs-up,198,285,163,31,26,30,30,124
79,1733756278.273585,0,thumbs-up,181,281,157,36,26,28,29,130
80,1733756278.295579,0,thumbs-up,177,292,145,36,26,29,32,141
81,1733756278.310788,0,thumbs-up,174,290,158,38,26,26,29,139
82,1733756278.332947,0,thumbs-up,187,221,137,39,27,26,29,146
83,1733756278.355986,0,thumbs-up,224,240,145,42,26,29,30,135
84,1733756278.37082,0,thumbs-up,222,250,143,38,26,31,34,126
85,1733756278.393103,0,thumbs-up,235,202,138,36,27,30,32,113
86,1733756278.415856,0,thumbs-up,233,251,122,35,27,31,30,96
87,1733756278.430799,0,thumbs-up,219,261,126,37,27,33,28,111
88,1733756278.452946,0,thumbs-up,182,260,158,35,28,31,26,146
89,1733756278.475762,0,thumbs-up,186,308,166,35,28,30,22,154
90,1733756278.490913,0,thumbs-up,181,308,184,37,27,29,27,155
91,1733756278.513215,0,thumbs-up,183,282,198,37,26,32,28,163
92,1733756278.535235,0,thumbs-up,187,284,198,35,25,29,29,145
93,1733756278.550808,0,thumbs-up,205,271,165,33,24,28,30,130
94,1733756278.573341,0,thumbs-up,198,202,161,39,24,28,30,125
95,1733756278.595917,0,thumbs-up,188,234,141,38,26,27,27,139
96,1733756278.61098,0,thumbs-up,201,216,117,37,28,26,27,134
97,1733756278.63293,0,thumbs-up,235,198,129,40,29,26,27,124
98,1733756278.656115,0,thumbs-up,231,227,140,39,30,28,29,133
99,1733756278.670894,0,thumbs-up,234,236,157,34,29,28,31,152
100,1733756278.69275,0,thumbs-up,249,241,158,32,27,29,32,138
101,1733756278.715769,0,thumbs-up,239,291,159,33,26,27,33,146
102,1733756278.730295,0,thumbs-up,198,321,143,30,28,29,35,147
103,1733756278.753328,0,thumbs-up,184,317,137,31,28,29,37,167
104,1733756278.775357,0,thumbs-up,185,311,122,32,30,30,37,155
105,1733756278.798374,0,thumbs-up,172,296,110,36,32,27,35,161
106,1733756278.813402,0,thumbs-up,170,277,112,40,31,27,35,174
107,1733756278.835426,0,thumbs-up,198,259,127,43,31,25,33,178
108,1733756278.857955,0,thumbs-up,219,239,131,44,29,24,28,156
109,1733756278.872975,0,thumbs-up,214,259,121,47,30,26,28,157
110,1733756278.895993,0,thumbs-up,219,273,120,46,30,28,30,151
111,1733756278.91771,0,thumbs-up,232,262,119,49,31,30,31,123
112,1733756278.932731,0,thumbs-up,226,295,106,52,31,28,30,116
113,1733756278.95575,0,thumbs-up,216,309,108,51,31,27,31,112
114,1733756278.97777,0,thumbs-up,236,292,107,49,30,26,29,104
115,1733756278.992786,0,thumbs-up,243,284,113,49,30,24,28,104
116,1733756279.015806,0,thumbs-up,240,280,117,44,30,23,27,110
117,1733756279.037823,0,thumbs-up,221,260,118,37,30,26,28,135
118,1733756279.052843,0,thumbs-up,209,304,111,34,30,26,28,117
119,1733756279.075865,0,thumbs-up,172,309,111,34,29,25,28,112
120,1733756279.097885,0,thumbs-up,167,306,99,33,27,26,31,111
121,1733756279.112907,0,thumbs-up,217,303,97,32,27,25,31,166
122,1733756279.135772,0,thumbs-up,212,324,88,35,24,24,30,150
123,1733756279.157835,0,thumbs-up,219,279,91,34,24,24,29,159
124,1733756279.172886,0,thumbs-up,231,297,93,37,24,24,28,158
125,1733756279.195905,0,thumbs-up,219,292,103,34,23,23,23,163
126,1733756279.217976,0,thumbs-up,169,281,121,35,20,22,23,108
127,1733756279.232845,0,thumbs-up,171,242,122,34,22,22,26,151
128,1733756279.255379,0,thumbs-up,184,269,117,40,23,25,28,147
129,1733756279.277906,0,thumbs-up,182,247,118,40,25,24,31,153
130,1733756279.293012,0,thumbs-up,198,292,122,42,25,24,32,178
131,1733756279.315043,0,thumbs-up,194,301,103,37,27,25,33,175
132,1733756279.338064,0,thumbs-up,208,287,100,37,26,25,30,144
133,1733756279.353627,0,thumbs-up,189,296,108,34,25,23,30,138
134,1733756279.375645,0,thumbs-up,178,300,122,33,22,23,31,150
135,1733756279.397788,0,thumbs-up,153,248,114,37,24,23,29,118
136,1733756279.412808,0,thumbs-up,173,247,117,39,21,24,28,122
137,1733756279.43609,0,thumbs-up,212,284,123,38,22,22,30,124
138,1733756279.45862,0,thumbs-up,220,263,120,38,23,23,30,128
139,1733756279.472641,0,thumbs-up,225,304,119,37,24,23,29,104
140,1733756279.495662,0,thumbs-up,246,313,118,33,26,21,30,105
141,1733756279.518684,0,thumbs-up,237,311,111,34,27,21,31,126
142,1733756279.533215,0,thumbs-up,203,315,115,35,28,25,32,118
143,1733756279.555754,0,thumbs-up,195,291,124,36,28,24,30,116
144,1733756279.578182,0,thumbs-up,222,234,117,37,28,25,30,121
145,1733756279.592741,0,thumbs-up,203,273,112,41,27,25,30,136
146,1733756279.615765,0,thumbs-up,210,293,131,41,27,25,28,125
147,1733756279.638273,0,thumbs-up,201,252,128,45,25,23,28,126
148,1733756279.652872,0,thumbs-up,212,281,115,42,25,23,27,125
149,1733756279.675854,0,thumbs-up,177,295,129,41,25,23,27,122
150,1733756279.698232,0,thumbs-up,196,270,153,39,27,24,26,106
151,1733756279.712808,0,thumbs-up,213,271,143,38,27,24,29,90
152,1733756279.735942,0,thumbs-up,210,278,142,33,28,26,28,79
153,1733756279.75823,0,thumbs-up,202,307,173,34,29,26,29,76
154,1733756279.78103,0,thumbs-up,215,308,158,35,28,27,31,103
155,1733756279.795541,0,thumbs-up,220,300,143,34,27,28,32,133
156,1733756279.818559,0,thumbs-up,200,313,149,33,26,27,30,133
157,1733756279.840701,0,thumbs-up,203,337,150,32,24,27,30,140
158,1733756279.855715,0,thumbs-up,196,294,112,37,23,26,31,143
159,1733756279.877775,0,thumbs-up,197,289,111,35,24,25,28,142
160,1733756279.900826,0,thumbs-up,178,295,119,34,22,24,29,140
161,1733756279.915842,0,thumbs-up,180,290,107,38,24,27,27,143
162,1733756279.937886,0,thumbs-up,175,250,110,38,24,25,26,136
163,1733756279.960596,0,thumbs-up,182,259,111,33,24,25,24,139
164,1733756279.975612,0,thumbs-up,171,297,135,35,26,26,26,141
165,1733756279.998219,0,thumbs-up,161,308,123,35,27,26,25,109
166,1733756280.0206,0,thumbs-up,138,305,124,34,27,25,25,106
167,1733756280.035113,0,thumbs-up,137,322,121,32,30,27,27,128
168,1733756280.058011,0,thumbs-up,142,314,129,35,30,27,28,139
169,1733756280.080541,0,thumbs-up,148,322,123,32,28,26,27,125
170,1733756280.095566,0,thumbs-up,155,310,127,32,27,24,28,127
171,1733756280.118685,0,thumbs-up,160,280,128,31,28,25,28,140
172,1733756280.140778,0,thumbs-up,199,295,126,35,28,27,29,135
173,1733756280.155813,0,thumbs-up,207,299,115,33,30,26,28,120
174,1733756280.177854,0,thumbs-up,201,239,109,38,30,28,29,123
175,1733756280.200921,0,thumbs-up,210,300,101,37,31,28,28,135
176,1733756280.215937,0,thumbs-up,215,318,101,39,30,26,28,124
177,1733756280.238478,0,thumbs-up,207,302,119,38,30,22,28,122
178,1733756280.260664,0,thumbs-up,192,299,120,38,28,23,27,126
179,1733756280.275824,0,thumbs-up,206,307,117,34,28,20,25,115
180,1733756280.298529,0,thumbs-up,216,300,133,42,31,22,25,97
181,1733756280.320709,0,thumbs-up,206,317,138,40,32,24,25,115
182,1733756280.335778,0,thumbs-up,179,306,126,42,31,24,26,141
183,1733756280.358898,0,thumbs-up,202,314,124,43,30,23,28,145
184,1733756280.380509,0,thumbs-up,182,334,127,45,31,24,28,151
185,1733756280.395577,0,thumbs-up,178,300,112,40,31,23,27,150
186,1733756280.418742,0,thumbs-up,186,317,108,40,28,22,29,153
187,1733756280.440585,0,thumbs-up,197,321,138,36,29,22,26,122
188,1733756280.456015,0,thumbs-up,190,340,152,33,29,23,24,119
189,1733756280.478222,0,thumbs-up,224,333,170,34,29,24,25,130
190,1733756280.501412,0,thumbs-up,205,306,193,31,27,24,27,134
191,1733756280.515654,0,thumbs-up,205,299,197,35,29,24,25,118
192,1733756280.538155,0,thumbs-up,220,308,175,38,27,26,26,119
193,1733756280.560856,0,thumbs-up,213,277,169,37,26,27,25,116
194,1733756280.575691,0,thumbs-up,184,284,140,37,24,30,27,122
195,1733756280.598401,0,thumbs-up,187,292,118,39,23,30,28,149
196,1733756280.620719,0,thumbs-up,194,245,111,41,26,30,27,148
197,1733756280.636191,0,thumbs-up,177,256,141,42,27,29,27,150
198,1733756280.65821,0,thumbs-up,173,271,137,44,28,29,30,158
199,1733756280.680204,0,thumbs-up,168,258,146,41,28,25,28,146
200,1733756280.695724,0,thumbs-up,169,269,143,42,29,25,28,148
201,1733756280.718745,0,thumbs-up,165,264,140,37,25,26,29,144
202,1733756280.740698,0,thumbs-up,166,242,104,32,25,23,29,143
203,1733756280.763188,0,thumbs-up,163,216,108,33,23,24,30,129
204,1733756280.778704,0,thumbs-up,170,245,96,39,23,27,30,120
205,1733756280.800256,0,thumbs-up,190,263,92,40,23,26,29,91
206,1733756280.823282,0,thumbs-up,192,274,99,40,26,26,29,98
207,1733756280.838302,0,thumbs-up,197,321,100,42,25,26,28,90
208,1733756280.860838,0,thumbs-up,227,334,111,40,26,26,25,97
209,1733756280.882861,0,thumbs-up,231,311,120,42,29,25,24,108
210,1733756280.897902,0,thumbs-up,211,301,121,41,29,25,24,103
211,1733756280.921057,0,thumbs-up,202,298,129,40,27,26,23,101
212,1733756280.943591,0,thumbs-up,185,256,132,43,27,26,25,101
213,1733756280.958104,0,thumbs-up,172,278,119,43,26,26,25,109
214,1733756280.980638,0,thumbs-up,177,265,122,36,25,22,25,107
215,1733756281.002676,0,thumbs-up,182,269,116,35,24,23,28,109
216,1733756281.018182,0,thumbs-up,184,272,101,38,25,22,27,104
217,1733756281.040765,0,thumbs-up,195,294,118,38,27,23,26,110
218,1733756281.063176,0,thumbs-up,167,277,122,39,29,22,27,92
219,1733756281.078757,0,thumbs-up,157,307,111,40,27,24,26,83
220,1733756281.10069,0,thumbs-up,149,291,108,37,26,23,25,99
221,1733756281.122709,0,thumbs-up,146,290,133,35,28,23,26,101
222,1733756281.138245,0,thumbs-up,160,245,126,32,28,25,26,99
223,1733756281.160774,0,thumbs-up,176,251,132,32,27,26,28,125
224,1733756281.182716,0,thumbs-up,185,220,143,38,28,26,29,139
225,1733756281.198037,0,thumbs-up,216,259,148,39,30,25,31,128
226,1733756281.22065,0,thumbs-up,232,262,135,38,30,27,30,131
227,1733756281.242712,0,thumbs-up,216,302,127,39,29,23,31,131
228,1733756281.258221,0,thumbs-up,211,308,112,39,29,24,29,118
229,1733756281.281185,0,thumbs-up,233,323,109,37,30,24,30,123
230,1733756281.302733,0,thumbs-up,204,280,103,39,29,27,29,126
231,1733756281.318241,0,thumbs-up,190,276,134,39,28,25,30,125
232,1733756281.340812,0,thumbs-up,204,243,135,40,28,26,29,126
233,1733756281.362824,0,thumbs-up,206,214,135,38,28,24,27,125
234,1733756281.378335,0,thumbs-up,176,228,133,37,28,25,25,104
235,1733756281.400865,0,thumbs-up,181,260,146,35,28,22,24,96
236,1733756281.42289,0,thumbs-up,186,249,115,41,27,21,25,92
237,1733756281.43758,0,thumbs-up,177,247,107,38,27,22,24,90
238,1733756281.460907,0,thumbs-up,166,276,113,38,27,23,27,86
239,1733756281.483462,0,thumbs-up,167,263,121,37,25,22,27,91
240,1733756281.49798,0,thumbs-up,172,251,121,36,26,22,29,117
241,1733756281.520661,0,thumbs-up,175,268,117,33,27,25,28,123
242,1733756281.542699,0,thumbs-up,189,262,122,33,26,28,31,123
243,1733756281.557736,0,thumbs-up,188,235,122,34,26,26,30,138
244,1733756281.58086,0,thumbs-up,205,241,126,36,28,29,29,133
245,1733756285.143,1,peace-sign,96,243,724,135,58,111,234,170
246,1733756285.15851,1,peace-sign,95,260,736,137,55,107,225,173
247,1733756285.263191,1,peace-sign,86,287,517,108,48,98,292,165
248,1733756285.277702,1,peace-sign,81,307,519,120,51,97,289,160
249,1733756285.30079,1,peace-sign,79,285,582,118,49,95,232,140
250,1733756285.323333,1,peace-sign,81,294,630,118,49,96,203,153
251,1733756285.337857,1,peace-sign,74,280,647,125,52,94,185,153
252,1733756285.360419,1,peace-sign,88,280,691,132,50,71,191,141
253,1733756285.383465,1,peace-sign,90,256,726,127,45,69,184,141
254,1733756285.397511,1,peace-sign,86,268,746,128,53,77,216,222
255,1733756285.420587,1,peace-sign,86,259,690,120,52,77,236,217
256,1733756285.443124,1,peace-sign,91,266,776,112,49,77,253,213
257,1733756285.457635,1,peace-sign,80,266,766,100,50,77,252,222
258,1733756285.480171,1,peace-sign,81,287,784,89,50,78,248,230
259,1733756285.503214,1,peace-sign,80,251,759,88,42,75,204,139
260,1733756285.517721,1,peace-sign,79,266,795,116,44,85,190,138
261,1733756285.540579,1,peace-sign,77,257,737,117,41,91,178,137
262,1733756285.562619,1,peace-sign,76,228,759,120,42,97,169,169
263,1733756285.578005,1,peace-sign,105,254,732,129,41,96,204,238
264,1733756285.600538,1,peace-sign,117,251,700,137,47,97,194,247
265,1733756285.623597,1,peace-sign,128,235,646,124,48,89,199,274
266,1733756285.637624,1,peace-sign,138,248,607,121,52,79,186,288
267,1733756285.6607,1,peace-sign,138,273,617,115,48,71,189,265
268,1733756285.682675,1,peace-sign,127,249,615,114,51,84,169,202
269,1733756285.705238,1,peace-sign,117,249,684,109,48,89,201,199
270,1733756285.720797,1,peace-sign,105,270,780,101,46,90,208,172
271,1733756285.743326,1,peace-sign,89,288,873,106,44,106,204,145
272,1733756285.765349,1,peace-sign,93,272,873,115,45,111,225,145
273,1733756285.780468,1,peace-sign,81,272,870,130,46,102,279,148
274,1733756285.802608,1,peace-sign,78,276,882,129,50,104,264,140
275,1733756285.825722,1,peace-sign,79,258,853,132,48,115,258,113
276,1733756285.840599,1,peace-sign,80,226,764,130,47,106,264,128
277,1733756285.870665,1,peace-sign,84,226,738,124,48,106,250,141
278,1733756285.88522,1,peace-sign,88,232,791,123,53,119,180,134
279,1733756285.900672,1,peace-sign,101,247,738,142,52,112,171,160
280,1733756285.922512,1,peace-sign,109,255,689,138,54,99,159,186
281,1733756285.945601,1,peace-sign,115,258,703,144,56,91,192,230
282,1733756285.96065,1,peace-sign,111,258,666,147,55,90,192,223
283,1733756285.983165,1,peace-sign,109,253,661,153,50,81,197,232
284,1733756286.005549,1,peace-sign,111,258,739,151,49,90,210,230
285,1733756286.020569,1,peace-sign,110,294,797,150,53,93,248,236
286,1733756286.042504,1,peace-sign,109,308,775,147,55,94,214,198
287,1733756286.065719,1,peace-sign,115,317,789,145,57,95,217,193
288,1733756286.080511,1,peace-sign,110,386,738,117,53,90,216,187
289,1733756286.103353,1,peace-sign,103,391,643,112,56,89,206,206
290,1733756286.125452,1,peace-sign,98,356,655,111,51,83,213,181
291,1733756286.14062,1,peace-sign,92,340,657,114,50,91,222,173
292,1733756286.170491,1,peace-sign,85,354,675,114,50,99,248,177
293,1733756286.184939,1,peace-sign,96,264,655,112,50,98,242,186
294,1733756286.207721,1,peace-sign,89,253,639,94,46,89,238,140
295,1733756286.230672,1,peace-sign,88,265,595,89,45,93,219,167
296,1733756286.245759,1,peace-sign,93,328,620,84,40,88,267,178
297,1733756286.268479,1,peace-sign,91,303,611,85,37,73,234,179
298,1733756286.290722,1,peace-sign,78,313,663,89,38,68,236,176
299,1733756286.305582,1,peace-sign,87,324,702,87,35,74,234,179
300,1733756286.327677,1,peace-sign,94,334,675,98,40,70,223,187
301,1733756286.350432,1,peace-sign,91,282,710,99,40,65,144,172
302,1733756286.365434,1,peace-sign,87,298,762,109,40,66,149,170
303,1733756286.388026,1,peace-sign,89,279,782,106,40,77,174,169
304,1733756286.410482,1,peace-sign,84,291,803,110,39,75,202,171
305,1733756286.424936,1,peace-sign,75,329,836,105,34,74,189,155
306,1733756286.447927,1,peace-sign,76,320,808,106,33,76,201,171
307,1733756286.470478,1,peace-sign,74,329,769,98,32,70,203,168
308,1733756286.48552,1,peace-sign,83,343,779,124,45,90,176,164
309,1733756286.507736,1,peace-sign,85,323,718,125,45,95,155,174
310,1733756286.530643,1,peace-sign,84,297,642,120,43,97,156,174
311,1733756286.545668,1,peace-sign,94,357,712,142,54,97,174,165
312,1733756286.567653,1,peace-sign,101,339,641,140,57,111,216,167
313,1733756286.590513,1,peace-sign,97,345,608,134,49,100,217,174
314,1733756286.605514,1,peace-sign,92,342,617,141,54,96,225,163
315,1733756286.627929,1,peace-sign,101,326,660,188,60,97,237,136
316,1733756286.650658,1,peace-sign,91,261,514,174,53,105,239,123
317,1733756286.665691,1,peace-sign,86,245,513,173,50,89,199,116
318,1733756286.687718,1,peace-sign,102,261,506,218,74,89,197,110
319,1733756286.710423,1,peace-sign,107,237,489,216,74,92,179,119
320,1733756286.725442,1,peace-sign,98,221,588,186,74,99,178,120
321,1733756286.748011,1,peace-sign,97,250,593,182,73,97,217,118
322,1733756286.770469,1,peace-sign,103,300,637,182,75,102,217,135
323,1733756286.785518,1,peace-sign,84,292,664,140,54,97,221,120
324,1733756286.807608,1,peace-sign,78,301,750,138,52,91,221,108
325,1733756286.830522,1,peace-sign,78,321,675,143,51,87,274,120
326,1733756286.845567,1,peace-sign,83,321,695,146,52,85,251,122
327,1733756286.868038,1,peace-sign,74,277,656,147,51,80,268,104
328,1733756286.890764,1,peace-sign,87,277,606,151,54,79,285,140
329,1733756286.905409,1,peace-sign,86,267,562,150,53,83,308,150
330,1733756286.927943,1,peace-sign,95,304,557,148,50,83,267,141
331,1733756286.950324,1,peace-sign,91,293,558,142,49,73,249,146
332,1733756286.965567,1,peace-sign,94,292,599,139,48,75,230,146
333,1733756286.988203,1,peace-sign,82,268,603,110,40,77,210,132
334,1733756287.010609,1,peace-sign,89,275,724,107,41,90,178,128
335,1733756287.025441,1,peace-sign,80,247,740,88,39,83,162,134
336,1733756287.047701,1,peace-sign,86,236,814,92,40,84,151,129
337,1733756287.070669,1,peace-sign,83,259,868,100,39,92,167,147
338,1733756287.093013,1,peace-sign,81,246,874,94,40,86,173,126
339,1733756287.107475,1,peace-sign,77,234,744,106,43,70,184,122
340,1733756287.130741,1,peace-sign,85,232,795,108,49,70,179,123
341,1733756287.153446,1,peace-sign,100,308,766,110,47,70,198,158
342,1733756287.167995,1,peace-sign,101,294,724,109,49,74,208,153
343,1733756287.190527,1,peace-sign,110,343,781,102,47,74,200,150
344,1733756287.212937,1,peace-sign,110,379,809,100,42,77,194,165
345,1733756287.227484,1,peace-sign,102,358,780,101,35,78,191,163
346,1733756287.25042,1,peace-sign,90,324,748,95,37,81,203,134
347,1733756287.272665,1,peace-sign,91,353,739,100,34,82,217,140
348,1733756287.287714,1,peace-sign,85,320,664,111,35,85,281,142
349,1733756287.310588,1,peace-sign,91,289,725,114,38,87,279,155
350,1733756287.332466,1,peace-sign,96,330,660,109,38,89,287,150
351,1733756287.347463,1,peace-sign,99,317,660,111,39,89,263,147
352,1733756287.370308,1,peace-sign,97,282,699,115,46,94,251,143
353,1733756287.400292,1,peace-sign,102,313,730,108,47,97,209,148
354,1733756287.40802,1,peace-sign,100,337,668,97,48,100,233,126
355,1733756287.430391,1,peace-sign,98,305,685,101,49,101,223,125
356,1733756287.45348,1,peace-sign,84,290,677,114,49,100,271,137
357,1733756287.467501,1,peace-sign,93,345,670,115,45,90,257,128
358,1733756287.490626,1,peace-sign,80,350,634,125,49,97,254,119
359,1733756287.513202,1,peace-sign,74,317,605,121,47,92,252,109
360,1733756287.52821,1,peace-sign,76,305,583,128,46,89,282,135
361,1733756287.550576,1,peace-sign,76,326,657,118,50,100,265,137
362,1733756287.572615,1,peace-sign,68,310,746,108,49,105,287,134
363,1733756287.587983,1,peace-sign,70,281,781,94,44,103,286,130
364,1733756287.610565,1,peace-sign,78,297,867,99,43,102,278,150
365,1733756287.632588,1,peace-sign,80,305,881,87,46,100,255,126
366,1733756287.647686,1,peace-sign,83,304,814,101,44,88,231,161
367,1733756287.670373,1,peace-sign,85,295,746,110,47,83,199,176
368,1733756287.693169,1,peace-sign,89,288,686,111,47,72,170,180
369,1733756287.708314,1,peace-sign,90,317,592,110,48,69,209,163
370,1733756287.730237,1,peace-sign,85,314,642,110,47,75,202,164
371,1733756287.760376,1,peace-sign,95,308,713,96,44,78,222,145
372,1733756287.767396,1,peace-sign,97,299,651,93,41,75,232,133
373,1733756287.790758,1,peace-sign,96,288,699,99,41,77,239,137
374,1733756287.812865,1,peace-sign,102,286,699,123,46,80,213,136
375,1733756287.82788,1,peace-sign,103,283,689,124,42,80,230,160
376,1733756287.850169,1,peace-sign,95,264,673,120,40,81,236,133
377,1733756287.872759,1,peace-sign,93,248,707,119,39,85,250,130
378,1733756287.887879,1,peace-sign,101,291,665,137,48,84,243,126
379,1733756287.910659,1,peace-sign,91,269,636,124,46,85,242,147
380,1733756287.932859,1,peace-sign,97,281,700,136,50,81,232,124
381,1733756287.947637,1,peace-sign,93,338,655,138,53,77,203,121
382,1733756287.970419,1,peace-sign,86,327,639,146,57,76,191,139
383,1733756287.992881,1,peace-sign,76,325,642,128,51,77,213,138
384,1733756288.008393,1,peace-sign,74,318,691,134,50,84,232,114
385,1733756288.030926,1,peace-sign,62,333,603,125,50,85,242,122
386,1733756288.052482,1,peace-sign,62,284,600,132,49,93,245,141
387,1733756288.074954,1,peace-sign,78,330,638,131,48,91,239,141
388,1733756288.090485,1,peace-sign,84,303,653,130,48,88,263,138
389,1733756288.112815,1,peace-sign,85,296,622,115,48,80,245,142
390,1733756288.135358,1,peace-sign,87,298,578,120,49,92,234,146
391,1733756288.15056,1,peace-sign,90,318,559,119,49,98,265,150
392,1733756288.17316,1,peace-sign,78,285,484,107,47,95,262,129
393,1733756288.194949,1,peace-sign,71,286,467,108,48,93,230,135
394,1733756288.210631,1,peace-sign,73,277,466,124,50,97,237,139
395,1733756288.232812,1,peace-sign,71,276,554,140,51,86,230,149
396,1733756288.255384,1,peace-sign,77,275,556,142,54,72,206,126
397,1733756288.270436,1,peace-sign,80,266,579,144,57,78,228,155
398,1733756288.2924,1,peace-sign,85,260,592,141,55,80,234,168
399,1733756288.315428,1,peace-sign,84,261,631,127,52,70,224,163
400,1733756288.330399,1,peace-sign,94,265,553,106,51,72,249,144
401,1733756288.353257,1,peace-sign,89,228,558,95,47,80,255,143
402,1733756288.375835,1,peace-sign,85,228,584,93,47,94,268,138
403,1733756288.390404,1,peace-sign,87,249,605,112,48,94,256,123
404,1733756288.420397,1,peace-sign,82,305,619,111,47,95,243,129
405,1733756288.435461,1,peace-sign,68,277,642,103,47,99,249,135
406,1733756288.450613,1,peace-sign,67,289,680,106,46,92,262,157
407,1733756288.47259,1,peace-sign,70,287,667,99,40,73,241,142
408,1733756288.494936,1,peace-sign,65,291,668,77,38,81,247,145
409,1733756288.510448,1,peace-sign,71,250,623,89,42,89,255,138
410,1733756288.532392,1,peace-sign,76,251,646,106,39,82,235,143
411,1733756288.563327,1,peace-sign,72,258,629,101,43,84,212,135
412,1733756288.570383,1,peace-sign,73,259,589,102,42,87,213,124
413,1733756288.593441,1,peace-sign,75,267,569,114,43,79,253,129
414,1733756288.615234,1,peace-sign,70,247,555,111,40,72,248,143
415,1733756288.630237,1,peace-sign,67,262,524,97,40,69,239,162
416,1733756288.653141,1,peace-sign,67,234,494,102,38,78,238,154
417,1733756288.675317,1,peace-sign,70,230,531,111,40,80,298,154
418,1733756288.690599,1,peace-sign,67,197,559,104,41,82,257,169
419,1733756288.712644,1,peace-sign,80,257,575,102,39,80,259,170
420,1733756288.735175,1,peace-sign,87,290,602,100,37,79,276,147
421,1733756288.750729,1,peace-sign,92,299,623,105,42,83,315,171
422,1733756288.773264,1,peace-sign,94,308,650,114,50,80,255,190
423,1733756288.795817,1,peace-sign,96,360,656,113,50,82,260,171
424,1733756288.810374,1,peace-sign,85,322,704,115,49,90,275,167
425,1733756288.83249,1,peace-sign,80,290,698,130,58,97,297,185
426,1733756288.85536,1,peace-sign,82,291,768,134,56,84,249,163
427,1733756288.870266,1,peace-sign,81,324,761,118,48,100,229,141
428,1733756288.893313,1,peace-sign,73,272,720,111,47,97,224,135
429,1733756288.914931,1,peace-sign,83,268,692,110,51,99,241,161
430,1733756288.930947,1,peace-sign,85,272,761,103,44,115,226,136
431,1733756288.952478,1,peace-sign,86,310,694,87,41,118,237,137
432,1733756288.975499,1,peace-sign,82,263,702,85,39,108,243,148
433,1733756288.990523,1,peace-sign,83,250,812,89,38,105,257,165
434,1733756289.01285,1,peace-sign,83,271,827,82,32,107,223,152
435,1733756289.035395,1,peace-sign,84,261,764,69,33,83,214,149
436,1733756289.05753,1,peace-sign,81,229,798,81,35,80,202,141
437,1733756289.073174,1,peace-sign,89,255,748,81,40,72,196,155
438,1733756289.095249,1,peace-sign,96,266,636,112,45,74,188,146
439,1733756289.118294,1,peace-sign,91,257,567,123,49,68,211,130
440,1733756289.133335,1,peace-sign,86,254,503,129,50,76,231,130
441,1733756289.154856,1,peace-sign,83,243,505,119,50,74,237,139
442,1733756289.177383,1,peace-sign,80,233,548,123,51,94,240,114
443,1733756289.192427,1,peace-sign,75,239,592,102,48,101,241,121
444,1733756289.215837,1,peace-sign,71,241,647,86,43,104,262,112
445,1733756289.237938,1,peace-sign,68,222,718,77,44,99,234,124
446,1733756289.253141,1,peace-sign,64,244,685,82,44,106,252,116
447,1733756289.275798,1,peace-sign,69,250,688,80,41,102,271,111
448,1733756289.297955,1,peace-sign,66,228,618,86,44,100,280,91
449,1733756289.312982,1,peace-sign,69,267,624,100,47,96,253,103
450,1733756289.335785,1,peace-sign,84,297,571,101,47,107,249,96
451,1733756289.358084,1,peace-sign,88,279,579,99,46,102,247,99
452,1733756289.373322,1,peace-sign,79,271,584,103,44,87,225,106
453,1733756289.395645,1,peace-sign,84,264,625,91,39,83,214,106
454,1733756289.418204,1,peace-sign,83,225,542,96,41,81,199,152
455,1733756289.432769,1,peace-sign,74,191,612,102,40,80,223,156
456,1733756289.454819,1,peace-sign,76,228,563,109,40,77,208,162
457,1733756289.477874,1,peace-sign,82,251,593,110,47,76,206,184
458,1733756289.492485,1,peace-sign,74,265,632,121,53,78,191,186
459,1733756289.515667,1,peace-sign,80,251,721,118,52,98,238,152
460,1733756289.537349,1,peace-sign,93,277,758,119,52,86,232,156
461,1733756289.552441,1,peace-sign,91,266,813,120,53,89,229,154
462,1733756289.575213,1,peace-sign,93,233,777,119,50,101,248,123
463,1733756289.597888,1,peace-sign,96,231,715,109,50,108,278,118
464,1733756289.612448,1,peace-sign,94,228,675,121,50,90,254,126
465,1733756289.635097,1,peace-sign,79,205,627,112,49,88,232,148
466,1733756289.657826,1,peace-sign,82,189,573,107,48,90,219,146
467,1733756289.672774,1,peace-sign,86,225,621,112,49,80,210,149
468,1733756289.694913,1,peace-sign,85,253,703,116,44,70,184,182
469,1733756289.717541,1,peace-sign,79,268,685,96,41,66,158,173
470,1733756289.732298,1,peace-sign,82,267,743,117,42,66,147,143
471,1733756289.755406,1,peace-sign,79,278,734,123,47,70,165,140
472,1733756289.777851,1,peace-sign,73,272,692,113,47,71,166,138
473,1733756289.792465,1,peace-sign,77,250,645,110,46,68,184,125
474,1733756289.815485,1,peace-sign,97,249,711,123,46,73,184,145
475,1733756289.838018,1,peace-sign,99,241,617,107,46,100,191,144
476,1733756289.853096,1,peace-sign,97,245,684,103,40,94,188,158
477,1733756289.87491,1,peace-sign,90,214,696,100,35,94,193,162
478,1733756289.897418,1,peace-sign,91,220,767,104,33,98,166,145
479,1733756289.912747,1,peace-sign,91,214,719,94,34,95,213,133
480,1733756289.9354,1,peace-sign,82,248,804,93,33,86,250,128
481,1733756289.95749,1,peace-sign,87,233,775,101,40,91,257,118
482,1733756289.980257,1,peace-sign,96,250,759,106,44,90,241,108
483,1733756289.995268,1,peace-sign,103,242,738,108,45,88,244,113
484,1733756290.017943,1,peace-sign,92,253,757,107,45,90,231,92
485,1733756290.040554,1,peace-sign,91,237,647,123,47,75,218,97
486,1733756290.055202,1,peace-sign,91,242,614,114,44,75,224,89
487,1733756290.077748,1,peace-sign,81,235,767,148,45,75,235,119
488,1733756290.100311,1,peace-sign,72,271,691,153,48,75,227,107
489,1733756290.115802,1,peace-sign,84,274,764,172,56,82,235,114
490,1733756290.137834,1,peace-sign,86,273,771,158,56,89,211,136
491,1733756290.160525,1,peace-sign,87,257,800,160,54,81,187,177
492,1733756293.790184,2,gun-fingers,203,458,123,33,29,74,257,163
493,1733756293.812591,2,gun-fingers,185,492,144,34,32,79,251,225
494,1733756293.835225,2,gun-fingers,190,505,167,39,33,85,256,226
495,1733756293.8505,2,gun-fingers,192,464,159,40,34,86,262,258
496,1733756293.873244,2,gun-fingers,181,431,167,40,33,82,226,263
497,1733756293.894662,2,gun-fingers,164,419,175,42,31,95,254,243
498,1733756293.910094,2,gun-fingers,174,349,168,41,28,96,271,195
499,1733756293.932585,2,gun-fingers,185,315,150,40,29,91,270,216
500,1733756293.955444,2,gun-fingers,200,418,143,41,28,90,266,215
501,1733756293.970088,2,gun-fingers,200,423,134,44,30,98,273,224
502,1733756293.99314,2,gun-fingers,203,441,153,42,28,75,211,245
503,1733756294.015164,2,gun-fingers,212,499,145,45,29,79,185,239
504,1733756294.030184,2,gun-fingers,243,499,137,43,28,82,188,217
505,1733756294.052213,2,gun-fingers,231,406,141,43,27,85,196,188
506,1733756294.075663,2,gun-fingers,228,405,132,39,25,81,198,201
507,1733756294.090078,2,gun-fingers,221,393,103,41,27,74,178,210
508,1733756294.112734,2,gun-fingers,202,291,96,39,25,65,186,205
509,1733756294.13533,2,gun-fingers,148,346,167,42,23,66,179,208
510,1733756294.149972,2,gun-fingers,152,373,169,40,23,63,174,205
511,1733756294.173246,2,gun-fingers,166,378,173,40,24,81,199,189
512,1733756294.195104,2,gun-fingers,187,399,205,46,28,81,182,223
513,1733756294.210203,2,gun-fingers,191,396,208,46,29,79,195,301
514,1733756294.232556,2,gun-fingers,204,372,162,42,29,74,191,319
515,1733756294.255088,2,gun-fingers,212,416,196,44,30,78,190,328
516,1733756294.270416,2,gun-fingers,230,404,196,47,31,74,203,324
517,1733756294.292317,2,gun-fingers,237,459,159,43,26,71,233,279
518,1733756294.315649,2,gun-fingers,240,458,160,44,26,72,216,204
519,1733756294.330687,2,gun-fingers,235,448,171,46,27,100,229,177
520,1733756294.35225,2,gun-fingers,237,463,139,44,27,100,235,165
521,1733756294.375472,2,gun-fingers,228,477,133,40,26,86,207,247
522,1733756294.390219,2,gun-fingers,207,415,139,39,28,88,181,267
523,1733756294.412733,2,gun-fingers,207,448,147,37,28,89,181,259
524,1733756294.435641,2,gun-fingers,199,461,140,39,27,81,174,269
525,1733756294.458205,2,gun-fingers,183,391,137,41,27,84,180,286
526,1733756294.4723,2,gun-fingers,162,395,144,43,26,88,162,216
527,1733756294.495167,2,gun-fingers,138,381,144,43,27,91,165,180
528,1733756294.517661,2,gun-fingers,150,437,151,43,27,90,177,184
529,1733756294.532749,2,gun-fingers,150,470,153,41,28,80,170,164
530,1733756294.555101,2,gun-fingers,157,467,163,40,30,83,198,133
531,1733756294.577495,2,gun-fingers,193,498,165,38,31,85,214,147
532,1733756294.592555,2,gun-fingers,214,495,167,40,33,80,219,160
533,1733756294.615123,2,gun-fingers,193,399,200,43,33,82,223,155
534,1733756294.638129,2,gun-fingers,193,390,238,45,35,85,235,159
535,1733756294.652233,2,gun-fingers,189,457,253,45,33,75,219,152
536,1733756294.675106,2,gun-fingers,209,433,310,56,33,75,212,205
537,1733756294.697178,2,gun-fingers,220,442,313,54,31,78,224,216
538,1733756294.720114,2,gun-fingers,232,461,297,54,30,74,212,216
539,1733756294.734644,2,gun-fingers,250,453,273,53,30,65,220,217
540,1733756294.757188,2,gun-fingers,287,449,266,54,29,73,240,221
541,1733756294.780181,2,gun-fingers,249,452,204,45,29,72,242,174
542,1733756294.794829,2,gun-fingers,227,458,224,49,30,70,223,201
543,1733756294.817404,2,gun-fingers,223,454,213,46,30,72,219,203
544,1733756294.84005,2,gun-fingers,224,505,195,45,31,84,200,238
545,1733756294.855074,2,gun-fingers,187,481,175,41,32,79,206,238
546,1733756294.877373,2,gun-fingers,180,469,158,45,32,75,191,231
547,1733756294.900317,2,gun-fingers,218,463,111,43,31,72,182,194
548,1733756294.915507,2,gun-fingers,229,452,184,48,34,70,179,194
549,1733756294.93812,2,gun-fingers,235,387,206,51,31,52,193,162
550,1733756294.960174,2,gun-fingers,238,412,217,53,31,79,187,161
551,1733756294.983132,2,gun-fingers,254,424,226,48,29,79,215,182
552,1733756294.997521,2,gun-fingers,216,423,225,46,30,80,223,223
553,1733756295.020133,2,gun-fingers,205,440,165,40,27,83,229,226
554,1733756295.042663,2,gun-fingers,194,506,133,40,28,92,238,221
555,1733756295.058171,2,gun-fingers,178,472,122,39,28,68,198,227
556,1733756295.080051,2,gun-fingers,161,477,154,43,27,69,166,240
557,1733756295.102184,2,gun-fingers,176,505,159,42,31,71,156,200
558,1733756295.1173,2,gun-fingers,187,516,159,44,32,68,159,206
559,1733756295.139909,2,gun-fingers,182,416,161,40,34,71,131,200
560,1733756295.163153,2,gun-fingers,183,388,198,38,32,72,210,216
561,1733756295.177238,2,gun-fingers,178,398,174,37,32,68,215,179
562,1733756295.199962,2,gun-fingers,177,399,190,36,25,66,218,185
563,1733756295.222503,2,gun-fingers,169,394,201,38,28,77,220,186
564,1733756295.238087,2,gun-fingers,173,444,231,41,26,81,213,205
565,1733756295.260442,2,gun-fingers,183,447,196,45,28,83,173,175
566,1733756295.283037,2,gun-fingers,186,436,194,43,29,91,178,178
567,1733756295.297539,2,gun-fingers,183,407,204,46,31,93,193,213
568,1733756295.320219,2,gun-fingers,200,380,195,46,31,87,184,204
569,1733756295.342195,2,gun-fingers,189,354,157,45,29,77,184,184
570,1733756295.357646,2,gun-fingers,177,409,159,47,28,77,201,184
571,1733756295.380051,2,gun-fingers,182,389,175,49,30,70,207,218
572,1733756295.410175,2,gun-fingers,178,371,210,53,33,67,196,182
573,1733756295.41717,2,gun-fingers,146,425,221,54,35,64,198,176
574,1733756295.4407,2,gun-fingers,196,404,240,55,35,65,224,189
575,1733756295.463229,2,gun-fingers,203,419,240,53,38,67,200,209
576,1733756295.477739,2,gun-fingers,199,435,237,52,38,63,199,175
577,1733756295.500271,2,gun-fingers,197,438,175,43,36,66,190,169
578,1733756295.522927,2,gun-fingers,222,457,159,37,34,74,198,165
579,1733756295.537608,2,gun-fingers,205,451,136,36,34,72,169,199
580,1733756295.560252,2,gun-fingers,235,453,151,34,31,68,137,173
581,1733756295.582299,2,gun-fingers,235,476,147,38,27,69,132,182
582,1733756295.597581,2,gun-fingers,231,475,160,47,26,82,206,227
583,1733756295.6201,2,gun-fingers,207,475,164,49,23,84,208,233
584,1733756295.642315,2,gun-fingers,202,516,165,48,21,81,208,236
585,1733756295.657502,2,gun-fingers,209,458,176,49,22,83,214,240
586,1733756295.679923,2,gun-fingers,215,429,182,46,25,82,210,238
587,1733756295.702329,2,gun-fingers,223,461,175,44,26,80,183,204
588,1733756295.717377,2,gun-fingers,224,409,172,42,25,79,208,197
589,1733756295.740074,2,gun-fingers,226,397,178,44,30,76,209,138
590,1733756295.762265,2,gun-fingers,231,441,156,43,31,75,215,170
591,1733756295.777775,2,gun-fingers,234,440,141,41,29,82,255,180
592,1733756295.800271,2,gun-fingers,228,456,165,37,28,87,287,178
593,1733756295.822436,2,gun-fingers,255,435,179,45,29,92,281,205
594,1733756295.837984,2,gun-fingers,242,405,181,46,28,91,288,219
595,1733756295.860299,2,gun-fingers,202,407,185,55,28,90,297,195
596,1733756295.883157,2,gun-fingers,223,400,208,57,29,105,276,176
597,1733756295.905465,2,gun-fingers,225,379,254,57,30,102,213,175
598,1733756295.920047,2,gun-fingers,204,397,249,50,30,101,236,182
599,1733756295.942791,2,gun-fingers,199,400,243,48,27,100,230,171
600,1733756295.964696,2,gun-fingers,207,422,238,38,27,103,217,172
601,1733756295.980389,2,gun-fingers,178,435,220,41,29,81,201,203
602,1733756296.003105,2,gun-fingers,188,398,147,41,29,78,227,196
603,1733756296.025123,2,gun-fingers,190,476,140,41,29,69,189,159
604,1733756296.040175,2,gun-fingers,191,487,145,41,30,74,221,163
605,1733756296.062272,2,gun-fingers,180,429,136,40,29,69,219,195
606,1733756296.084816,2,gun-fingers,171,518,127,36,28,70,220,167
607,1733756296.100347,2,gun-fingers,158,529,114,37,27,77,208,169
608,1733756296.123083,2,gun-fingers,138,470,145,40,27,73,195,207
609,1733756296.145144,2,gun-fingers,157,504,187,40,29,68,186,210
610,1733756296.160192,2,gun-fingers,148,490,195,41,31,83,205,210
611,1733756296.18248,2,gun-fingers,157,377,196,45,31,92,200,211
612,1733756296.20509,2,gun-fingers,173,491,204,46,33,77,188,213
613,1733756296.220052,2,gun-fingers,167,483,200,45,32,78,189,191
614,1733756296.242477,2,gun-fingers,138,466,165,47,34,79,207,200
615,1733756296.264966,2,gun-fingers,147,499,160,48,35,74,199,172
616,1733756296.279988,2,gun-fingers,176,515,159,43,32,69,202,201
617,1733756296.303113,2,gun-fingers,204,406,171,41,31,70,199,228
618,1733756296.325635,2,gun-fingers,215,391,165,41,33,68,199,220
619,1733756296.340002,2,gun-fingers,222,377,173,42,31,68,152,203
620,1733756296.362139,2,gun-fingers,219,344,170,39,28,80,173,201
621,1733756296.385041,2,gun-fingers,207,321,167,40,30,79,178,175
622,1733756296.400175,2,gun-fingers,172,305,151,40,31,77,178,131
623,1733756296.422167,2,gun-fingers,185,341,131,40,32,78,178,124
624,1733756296.445655,2,gun-fingers,174,309,182,37,29,77,182,124
625,1733756296.46023,2,gun-fingers,180,372,201,39,32,77,160,145
626,1733756296.482452,2,gun-fingers,165,405,212,38,30,75,154,157
627,1733756296.505139,2,gun-fingers,157,428,207,38,29,73,166,161
628,1733756296.520017,2,gun-fingers,132,444,209,37,27,74,164,162
629,1733756296.543056,2,gun-fingers,211,468,163,34,28,78,181,218
630,1733756296.565292,2,gun-fingers,213,416,185,33,25,57,186,231
631,1733756296.580036,2,gun-fingers,212,396,177,36,28,53,196,253
632,1733756296.602085,2,gun-fingers,231,437,184,37,28,59,199,253
633,1733756296.625517,2,gun-fingers,239,417,188,37,31,61,201,276
634,1733756296.640536,2,gun-fingers,191,386,195,40,30,62,187,237
635,1733756296.663104,2,gun-fingers,193,414,150,39,30,72,175,213
636,1733756296.684811,2,gun-fingers,197,433,147,38,32,86,186,167
637,1733756296.699888,2,gun-fingers,188,382,169,40,34,92,179,182
638,1733756296.722475,2,gun-fingers,201,384,180,39,33,90,181,158
639,1733756296.745966,2,gun-fingers,196,394,164,36,32,87,172,169
640,1733756296.76005,2,gun-fingers,189,398,192,40,34,79,166,163
641,1733756296.782977,2,gun-fingers,187,374,200,41,29,78,137,192
642,1733756296.805197,2,gun-fingers,180,366,183,41,29,75,175,187
643,1733756296.827446,2,gun-fingers,191,402,192,42,28,75,184,175
644,1733756296.842459,2,gun-fingers,208,432,187,42,29,73,175,162
645,1733756296.864993,2,gun-fingers,211,432,170,40,28,72,172,211
646,1733756296.887494,2,gun-fingers,227,433,161,39,29,65,189,198
647,1733756296.902042,2,gun-fingers,245,437,156,36,28,57,158,186
648,1733756296.925318,2,gun-fingers,216,389,133,36,27,57,153,182
649,1733756296.947472,2,gun-fingers,192,358,149,38,29,60,152,182
650,1733756296.963019,2,gun-fingers,188,339,160,37,29,60,155,178
651,1733756296.985278,2,gun-fingers,178,354,173,42,29,51,172,173
652,1733756297.007944,2,gun-fingers,202,362,168,40,27,77,167,180
653,1733756297.022965,2,gun-fingers,233,411,157,40,30,76,166,181
654,1733756297.045459,2,gun-fingers,233,447,151,39,27,76,171,183
655,1733756297.068044,2,gun-fingers,242,440,162,43,30,80,168,127
656,1733756297.082441,2,gun-fingers,263,486,149,37,28,78,137,110
657,1733756297.105139,2,gun-fingers,226,483,175,41,30,63,146,104
658,1733756297.127167,2,gun-fingers,193,483,178,42,30,78,143,146
659,1733756297.142417,2,gun-fingers,192,474,177,42,30,84,158,148
660,1733756297.165592,2,gun-fingers,193,508,165,39,28,79,169,180
661,1733756297.187973,2,gun-fingers,160,504,175,43,29,81,166,180
662,1733756297.202115,2,gun-fingers,166,502,154,41,27,94,169,188
663,1733756297.225004,2,gun-fingers,176,448,152,40,27,85,161,160
664,1733756297.247527,2,gun-fingers,177,434,147,43,28,79,152,176
665,1733756297.262311,2,gun-fingers,199,418,132,45,27,77,163,145
666,1733756297.284866,2,gun-fingers,204,384,145,43,29,75,178,139
667,1733756297.307968,2,gun-fingers,192,371,148,43,31,50,167,145
668,1733756297.322409,2,gun-fingers,201,423,149,42,32,68,198,149
669,1733756297.345102,2,gun-fingers,218,406,149,41,32,68,194,130
670,1733756297.367275,2,gun-fingers,192,428,139,36,32,72,181,131
671,1733756297.383064,2,gun-fingers,180,402,142,35,30,76,177,152
672,1733756297.405106,2,gun-fingers,192,392,136,34,28,75,173,129
673,1733756297.428117,2,gun-fingers,268,409,148,34,26,64,152,174
674,1733756297.442423,2,gun-fingers,251,425,184,36,28,69,162,173
675,1733756297.465084,2,gun-fingers,247,378,187,39,26,68,154,188
676,1733756297.487221,2,gun-fingers,243,417,162,40,26,64,153,174
677,1733756297.502183,2,gun-fingers,238,472,175,42,27,61,182,177
678,1733756297.525205,2,gun-fingers,173,433,182,47,26,62,230,121
679,1733756297.548223,2,gun-fingers,178,427,147,45,26,58,248,139
680,1733756297.563179,2,gun-fingers,182,449,153,43,26,59,256,126
681,1733756297.585137,2,gun-fingers,198,407,184,43,25,59,248,135
682,1733756297.607251,2,gun-fingers,208,392,186,45,24,59,225,129
683,1733756297.622054,2,gun-fingers,176,394,196,41,27,47,168,157
684,1733756297.645149,2,gun-fingers,181,440,200,40,28,60,136,139
685,1733756297.667695,2,gun-fingers,179,430,201,40,27,71,134,156
686,1733756297.682238,2,gun-fingers,176,435,176,37,28,77,131,157
687,1733756297.705267,2,gun-fingers,154,398,160,33,29,78,136,162
688,1733756297.727513,2,gun-fingers,172,404,127,32,27,78,126,148
689,1733756297.742104,2,gun-fingers,210,408,113,35,27,75,130,160
690,1733756297.765122,2,gun-fingers,224,407,99,34,30,73,176,156
691,1733756297.787916,2,gun-fingers,231,430,92,36,28,69,178,153
692,1733756297.809918,2,gun-fingers,236,443,93,39,28,68,177,161
693,1733756297.825426,2,gun-fingers,227,456,89,41,27,69,183,149
694,1733756297.847444,2,gun-fingers,193,437,136,39,27,60,171,143
695,1733756297.870244,2,gun-fingers,190,462,143,37,26,62,162,148
696,1733756297.885442,2,gun-fingers,174,441,139,36,27,61,197,139
697,1733756297.907401,2,gun-fingers,178,456,175,39,26,63,197,124
698,1733756297.930072,2,gun-fingers,171,427,182,38,28,61,197,126
699,1733756297.94544,2,gun-fingers,169,399,152,37,28,62,199,129
700,1733756297.968157,2,gun-fingers,178,407,151,40,25,59,185,113
701,1733756297.990611,2,gun-fingers,176,394,169,44,27,63,167,149
702,1733756298.005296,2,gun-fingers,168,376,177,44,29,68,180,168
703,1733756298.027875,2,gun-fingers,170,483,178,43,29,68,176,180
704,1733756298.050561,2,gun-fingers,184,475,175,44,30,63,174,192
705,1733756298.065238,2,gun-fingers,186,436,173,44,31,69,149,191
706,1733756298.088086,2,gun-fingers,186,513,175,40,29,69,154,176
707,1733756298.110304,2,gun-fingers,192,507,140,36,29,66,150,170
708,1733756298.125064,2,gun-fingers,201,412,154,35,29,75,170,170
709,1733756298.147933,2,gun-fingers,255,435,165,35,28,76,188,151
710,1733756298.170034,2,gun-fingers,243,447,175,34,27,65,185,152
711,1733756298.185059,2,gun-fingers,253,364,160,38,29,71,166,135
712,1733756298.207555,2,gun-fingers,259,400,154,37,28,68,168,147
713,1733756298.230071,2,gun-fingers,294,393,132,40,29,60,169,154
714,1733756298.245124,2,gun-fingers,242,373,128,41,29,62,159,161
715,1733756298.267404,2,gun-fingers,254,401,104,40,29,81,216,158
716,1733756298.290422,2,gun-fingers,254,403,114,40,28,74,217,169
717,1733756298.304932,2,gun-fingers,256,353,110,42,31,75,212,169
718,1733756298.335409,2,gun-fingers,232,400,108,44,30,76,202,158
719,1733756298.349974,2,gun-fingers,237,401,137,45,31,78,201,142
720,1733756298.365077,2,gun-fingers,222,349,154,47,32,61,145,151
721,1733756298.387901,2,gun-fingers,252,416,148,46,32,65,140,154
722,1733756298.409945,2,gun-fingers,268,452,162,49,30,62,152,140
723,1733756298.425234,2,gun-fingers,246,441,177,49,29,59,153,139
724,1733756298.447393,2,gun-fingers,253,460,156,47,28,54,144,150
725,1733756298.470236,2,gun-fingers,257,485,143,45,29,72,164,154
726,1733756298.484812,2,gun-fingers,212,415,142,42,29,72,174,141
727,1733756298.50787,2,gun-fingers,198,368,128,33,27,74,161,140
728,1733756298.530445,2,gun-fingers,194,385,106,27,29,75,153,142
729,1733756298.545406,2,gun-fingers,206,348,106,32,29,77,187,152
730,1733756298.567475,2,gun-fingers,193,303,108,35,27,56,178,134
731,1733756298.589781,2,gun-fingers,197,368,108,37,26,70,168,149
732,1733756298.604965,2,gun-fingers,175,407,112,39,28,74,164,146
733,1733756298.627413,2,gun-fingers,189,375,107,40,28,74,169,185
734,1733756298.65047,2,gun-fingers,157,407,103,36,27,77,147,171
735,1733756298.664979,2,gun-fingers,170,450,119,34,27,81,136,175
736,1733756298.687536,2,gun-fingers,171,410,124,36,29,72,147,164
737,1733756302.339794,3,fist,359,501,106,69,37,51,135,129
738,1733756302.362812,3,fist,452,493,98,69,37,51,139,131
739,1733756302.385493,3,fist,401,429,94,67,38,44,118,101
740,1733756302.400287,3,fist,435,566,133,59,37,48,129,105
741,1733756302.422907,3,fist,441,574,130,54,33,52,115,106
742,1733756302.445458,3,fist,458,505,137,54,33,49,110,102
743,1733756302.460516,3,fist,386,579,142,59,35,47,99,87
744,1733756302.482172,3,fist,401,575,149,64,34,49,114,93
745,1733756302.505252,3,fist,416,434,134,71,36,48,102,103
746,1733756302.520389,3,fist,401,473,137,70,36,45,94,93
747,1733756302.542353,3,fist,401,490,131,67,34,44,96,98
748,1733756302.564908,3,fist,373,426,130,64,34,44,102,104
749,1733756302.579644,3,fist,367,428,125,66,33,45,83,107
750,1733756302.602818,3,fist,319,432,109,59,29,43,89,113
751,1733756302.632789,3,fist,366,415,121,61,28,41,87,116
752,1733756302.639613,3,fist,355,412,122,80,31,40,91,106
753,1733756302.662885,3,fist,356,454,114,77,30,37,90,108
754,1733756302.685204,3,fist,344,466,115,71,31,35,85,105
755,1733756302.699845,3,fist,423,449,109,73,33,36,76,83
756,1733756302.722718,3,fist,385,493,86,75,35,35,81,92
757,1733756302.745213,3,fist,392,484,82,55,32,38,79,93
758,1733756302.759642,3,fist,406,442,81,51,31,39,80,87
759,1733756302.782632,3,fist,426,484,79,53,31,40,83,103
760,1733756302.805091,3,fist,429,494,103,59,35,38,93,109
761,1733756302.820145,3,fist,437,470,113,66,55,39,98,103
762,1733756302.84276,3,fist,439,608,116,163,57,36,105,129
763,1733756302.864918,3,fist,462,585,115,168,60,36,105,144
764,1733756302.887189,3,fist,448,555,122,169,62,37,106,130
765,1733756302.902601,3,fist,389,594,121,166,59,37,104,127
766,1733756302.924782,3,fist,404,577,112,162,41,44,95,141
767,1733756302.939917,3,fist,380,490,117,71,39,44,90,124
768,1733756302.962234,3,fist,395,509,122,69,47,45,101,109
769,1733756302.984847,3,fist,450,489,128,71,46,44,109,110
770,1733756303.007537,3,fist,431,442,115,71,47,45,105,123
771,1733756303.022558,3,fist,401,444,127,84,45,40,104,106
772,1733756303.045157,3,fist,420,417,129,83,46,45,101,99
773,1733756303.06715,3,fist,363,408,124,78,34,45,91,103
774,1733756303.082683,3,fist,290,479,110,74,36,43,92,114
775,1733756303.104707,3,fist,334,531,126,83,34,41,93,103
776,1733756303.127824,3,fist,356,509,116,74,35,42,93,104
777,1733756303.142717,3,fist,370,506,116,67,33,38,90,102
778,1733756303.164852,3,fist,375,492,124,72,34,39,87,95
779,1733756303.187194,3,fist,403,482,131,75,31,41,80,85
780,1733756303.202573,3,fist,389,449,116,70,36,42,77,84
781,1733756303.224909,3,fist,400,442,118,73,36,42,77,79
782,1733756303.247178,3,fist,371,462,117,77,40,45,75,77
783,1733756303.269791,3,fist,359,550,122,77,45,48,91,79
784,1733756303.284709,3,fist,364,524,123,74,49,50,95,91
785,1733756303.307826,3,fist,330,495,117,69,49,50,116,85
786,1733756303.32997,3,fist,319,541,127,62,50,48,121,89
787,1733756303.344594,3,fist,305,512,126,59,49,45,129,96
788,1733756303.367149,3,fist,343,408,120,54,44,40,176,129
789,1733756303.389758,3,fist,348,403,121,69,42,38,176,122
790,1733756303.404807,3,fist,389,406,122,74,38,39,169,127
791,1733756303.427189,3,fist,376,379,107,73,37,39,189,126
792,1733756303.449694,3,fist,417,382,104,72,39,41,187,145
793,1733756303.464698,3,fist,412,431,96,71,41,44,135,127
794,1733756303.487149,3,fist,376,456,85,58,39,45,141,126
795,1733756303.510036,3,fist,345,463,96,55,40,45,137,132
796,1733756303.532211,3,fist,352,484,106,71,42,45,104,133
797,1733756303.547816,3,fist,338,509,107,72,38,41,98,110
798,1733756303.569656,3,fist,336,481,111,74,39,41,100,95
799,1733756303.592758,3,fist,345,498,113,74,41,44,96,103
800,1733756303.607832,3,fist,362,498,126,76,43,44,97,96
801,1733756303.62977,3,fist,347,457,127,64,38,44,100,101
802,1733756303.652171,3,fist,318,485,135,65,38,44,106,105
803,1733756303.667681,3,fist,324,510,153,67,35,47,119,117
804,1733756303.689748,3,fist,333,444,152,64,40,43,108,109
805,1733756303.712768,3,fist,353,469,139,60,39,46,113,110
806,1733756303.727278,3,fist,381,468,129,58,40,49,111,108
807,1733756303.749828,3,fist,461,416,121,67,44,57,111,114
808,1733756303.772689,3,fist,460,398,114,64,42,54,87,108
809,1733756303.794771,3,fist,439,432,111,67,35,54,100,116
810,1733756303.80989,3,fist,421,395,122,73,38,52,90,116
811,1733756303.831733,3,fist,398,404,124,76,38,50,91,114
812,1733756303.84782,3,fist,341,401,120,78,37,42,85,113
813,1733756303.870217,3,fist,349,394,104,77,39,40,89,108
814,1733756303.892197,3,fist,391,404,112,92,47,44,83,104
815,1733756303.907735,3,fist,495,468,113,88,46,46,89,110
816,1733756303.929843,3,fist,557,498,116,89,47,49,99,108
817,1733756303.952748,3,fist,565,503,117,84,48,49,116,106
818,1733756303.967776,3,fist,555,499,124,84,50,48,120,112
819,1733756303.989759,3,fist,528,481,133,64,44,50,118,112
820,1733756304.012266,3,fist,547,498,117,63,44,52,127,112
821,1733756304.027255,3,fist,511,501,115,57,43,48,116,112
822,1733756304.049633,3,fist,528,548,113,50,39,46,99,110
823,1733756304.072122,3,fist,535,554,111,52,41,47,95,110
824,1733756304.087628,3,fist,582,599,96,53,40,43,89,111
825,1733756304.110172,3,fist,495,534,97,56,42,45,79,102
826,1733756304.132186,3,fist,532,570,104,63,43,45,78,104
827,1733756304.147751,3,fist,537,521,119,63,40,44,81,104
828,1733756304.169626,3,fist,534,519,119,63,38,46,84,105
829,1733756304.192178,3,fist,522,476,132,64,43,51,95,109
830,1733756304.207867,3,fist,538,491,135,62,37,44,88,107
831,1733756304.229633,3,fist,547,425,132,59,36,44,87,117
832,1733756304.252609,3,fist,514,424,123,58,37,45,86,120
833,1733756304.267895,3,fist,528,489,118,56,36,47,83,115
834,1733756304.29045,3,fist,631,484,97,51,31,39,92,133
835,1733756304.312767,3,fist,595,489,106,54,35,38,90,141
836,1733756304.32779,3,fist,534,486,109,61,35,39,103,129
837,1733756304.349736,3,fist,527,480,106,68,34,42,103,134
838,1733756304.372763,3,fist,521,409,121,74,34,39,104,138
839,1733756304.38781,3,fist,330,469,131,78,32,38,103,119
840,1733756304.409622,3,fist,391,473,132,81,29,39,101,114
841,1733756304.432132,3,fist,391,478,124,74,27,38,99,115
842,1733756304.455671,3,fist,398,507,130,78,30,39,100,113
843,1733756304.469609,3,fist,395,504,123,70,33,50,103,118
844,1733756304.492082,3,fist,448,436,136,76,37,55,86,109
845,1733756304.514766,3,fist,465,420,126,73,38,55,89,114
846,1733756304.529826,3,fist,469,416,123,73,41,56,78,119
847,1733756304.552848,3,fist,453,403,119,66,40,53,85,116
848,1733756304.575473,3,fist,454,492,115,67,38,42,75,113
849,1733756304.59036,3,fist,419,484,87,55,34,34,75,111
850,1733756304.612898,3,fist,339,475,92,55,34,35,73,100
